name,gender,group,parent degrees,lunch,test prep,math score,reading score,writing score,avg,result,grade
Maria Crier,female,group B,bachelor's degree,standard,none,72,72,74,72.66666666666667,P,B+
Maria Cochran,female,group C,some college,standard,completed,69,90,88,82.33333333333333,P,A
Maria Rodriguez,female,group B,master's degree,standard,none,90,95,93,92.66666666666667,P,A+
Richard Babin,male,group A,associate's degree,free/reduced,none,47,57,44,49.333333333333336,F,F
Richard Davis,male,group C,some college,standard,none,76,78,75,76.33333333333333,P,B+
Maria Law,female,group B,associate's degree,standard,none,71,83,78,77.33333333333333,P,B+
Maria Hartman,female,group B,some college,standard,completed,88,95,92,91.66666666666667,P,A+
Richard Chavez,male,group B,some college,free/reduced,none,40,43,39,40.666666666666664,F,F
Richard Murphy,male,group D,high school,free/reduced,completed,64,64,67,65.0,P,B
Maria Navarro,female,group B,high school,free/reduced,none,38,60,50,49.333333333333336,F,F
Richard Wheeler,male,group C,associate's degree,standard,none,58,54,52,54.666666666666664,P,C
Richard Willis,male,group D,associate's degree,standard,none,40,52,43,45.0,F,F
Maria Wortham,female,group B,high school,standard,none,65,81,73,73.0,P,B+
Richard Gilyard,male,group A,some college,standard,completed,78,72,70,73.33333333333333,P,B+
Maria Otano,female,group A,master's degree,standard,none,50,53,58,53.666666666666664,P,C
Maria Navarro,female,group C,some high school,standard,none,69,75,78,74.0,P,B+
Richard Derogatis,male,group C,high school,standard,none,88,89,86,87.66666666666667,P,A
Maria Mauro,female,group B,some high school,free/reduced,none,18,32,28,26.0,F,F
Richard Walters,male,group C,master's degree,free/reduced,completed,46,42,46,44.666666666666664,F,F
Maria Breedlove,female,group C,associate's degree,free/reduced,none,54,58,61,57.666666666666664,P,C
Richard Paxson,male,group D,high school,standard,none,66,69,63,66.0,P,B
Maria Murdock,female,group B,some college,free/reduced,completed,65,75,70,70.0,P,B+
Richard White,male,group D,some college,standard,none,44,54,53,50.333333333333336,F,C
Maria White,female,group C,some high school,standard,none,69,73,73,71.66666666666667,P,B+
Richard Baichan,male,group D,bachelor's degree,free/reduced,completed,74,71,80,75.0,P,B+
Richard Misiaszek,male,group A,master's degree,free/reduced,none,73,74,72,73.0,P,B+
Richard Mccarthy,male,group B,some college,standard,none,69,54,55,59.333333333333336,P,C
Maria Ricketts,female,group C,bachelor's degree,standard,none,67,69,75,70.33333333333333,P,B+
Richard Bonnet,male,group C,high school,standard,none,70,70,65,68.33333333333333,P,B
Maria Owens,female,group D,master's degree,standard,none,62,70,75,69.0,P,B
Maria Nelson,female,group D,some college,standard,none,69,74,74,72.33333333333333,P,B+
Maria Farrell,female,group B,some college,standard,none,63,65,61,63.0,P,B
Maria Haynes,female,group E,master's degree,free/reduced,none,56,72,65,64.33333333333333,P,B
Richard Simmerman,male,group D,some college,standard,none,40,42,38,40.0,F,F
Richard Tepper,male,group E,some college,standard,none,97,87,82,88.66666666666667,P,A
Richard Pearson,male,group E,associate's degree,standard,completed,81,81,79,80.33333333333333,P,A
Maria Lopez,female,group D,associate's degree,standard,none,74,81,83,79.33333333333333,P,B+
Maria Barton,female,group D,some high school,free/reduced,none,50,64,59,57.666666666666664,P,C
Maria Luper,female,group D,associate's degree,free/reduced,completed,75,90,88,84.33333333333333,P,A
Richard Floyd,male,group B,associate's degree,free/reduced,none,57,56,57,56.666666666666664,P,C
Richard Scheidecker,male,group C,associate's degree,free/reduced,none,55,61,54,56.666666666666664,P,C
Maria Macias,female,group C,associate's degree,standard,none,58,73,68,66.33333333333333,P,B
Maria Fordham,female,group B,associate's degree,standard,none,53,58,65,58.666666666666664,P,C
Richard Garrison,male,group B,some college,free/reduced,completed,59,65,66,63.333333333333336,P,B
Maria Boles,female,group E,associate's degree,free/reduced,none,50,56,54,53.333333333333336,P,C
Richard Jonason,male,group B,associate's degree,standard,none,65,54,57,58.666666666666664,P,C
Maria Wadley,female,group A,associate's degree,standard,completed,55,65,62,60.666666666666664,P,B
Maria Vanschoick,female,group C,high school,standard,none,66,71,76,71.0,P,B+
Maria Coffey,female,group D,associate's degree,free/reduced,completed,57,74,76,69.0,P,B
Richard Ross,male,group C,high school,standard,completed,82,84,82,82.66666666666667,P,A
Richard Decesare,male,group E,some college,standard,none,53,55,48,52.0,F,C
Richard Kallenberg,male,group E,associate's degree,free/reduced,completed,77,69,68,71.33333333333333,P,B+
Richard Giddens,male,group C,some college,standard,none,53,44,42,46.333333333333336,F,F
Richard Todd,male,group D,high school,standard,none,88,78,75,80.33333333333333,P,A
Maria Mckenna,female,group C,some high school,free/reduced,completed,71,84,87,80.66666666666667,P,A
Maria Barrios,female,group C,high school,free/reduced,none,33,41,43,39.0,F,F
Maria Ball,female,group E,associate's degree,standard,completed,82,85,86,84.33333333333333,P,A
Richard Secrease,male,group D,associate's degree,standard,none,52,55,49,52.0,F,C
Richard Buckner,male,group D,some college,standard,completed,58,59,58,58.333333333333336,P,C
Maria Scungio,female,group C,some high school,free/reduced,none,0,17,10,9.0,F,F
Richard Murphy,male,group E,bachelor's degree,free/reduced,completed,79,74,72,75.0,P,B+
Richard Brogan,male,group A,some high school,free/reduced,none,39,39,34,37.333333333333336,F,F
Richard Whittaker,male,group A,associate's degree,free/reduced,none,62,61,55,59.333333333333336,P,C
Maria Rogers,female,group C,associate's degree,standard,none,69,80,71,73.33333333333333,P,B+
Maria Charlot,female,group D,some high school,standard,none,59,58,59,58.666666666666664,P,C
Richard Belcher,male,group B,some high school,standard,none,67,64,61,64.0,P,B
Richard Black,male,group D,some high school,free/reduced,none,45,37,37,39.666666666666664,F,F
Maria Anderson,female,group C,some college,standard,none,60,72,74,68.66666666666667,P,B
Richard Baron,male,group B,associate's degree,free/reduced,none,61,58,56,58.333333333333336,P,C
Maria Jamesson,female,group C,associate's degree,standard,none,39,64,57,53.333333333333336,F,C
Maria Ambler,female,group D,some college,free/reduced,completed,58,63,73,64.66666666666667,P,B
Richard Rodriguez,male,group D,some college,standard,completed,63,55,63,60.333333333333336,P,B
Maria Herrera,female,group A,associate's degree,free/reduced,none,41,51,48,46.666666666666664,F,F
Richard Shank,male,group C,some high school,free/reduced,none,61,57,56,58.0,P,C
Richard Edmundson,male,group C,some high school,standard,none,49,49,41,46.333333333333336,F,F
Richard Marino,male,group B,associate's degree,free/reduced,none,44,41,38,41.0,F,F
Richard Braxton,male,group E,some high school,standard,none,30,26,22,26.0,F,F
Richard Goldade,male,group A,bachelor's degree,standard,completed,80,78,81,79.66666666666667,P,B+
Maria Braziel,female,group D,some high school,standard,completed,61,74,72,69.0,P,B
Maria Pope,female,group E,master's degree,standard,none,62,68,68,66.0,P,B
Maria Fietek,female,group B,associate's degree,standard,none,47,49,50,48.666666666666664,F,F
Richard Lyell,male,group B,high school,free/reduced,none,49,45,45,46.333333333333336,F,F
Richard Pollock,male,group A,some college,free/reduced,completed,50,47,54,50.333333333333336,F,C
Richard Hamilton,male,group E,associate's degree,standard,none,72,64,63,66.33333333333333,P,B
Richard Diggs,male,group D,high school,free/reduced,none,42,39,34,38.333333333333336,F,F
Maria Brown,female,group C,some college,standard,none,73,80,82,78.33333333333333,P,B+
Maria Lovett,female,group C,some college,free/reduced,none,76,83,88,82.33333333333333,P,A
Maria Rivera,female,group D,associate's degree,standard,none,71,71,74,72.0,P,B+
Maria Evans,female,group A,some college,standard,none,58,70,67,65.0,P,B
Maria Rodriguez,female,group D,some high school,standard,none,73,86,82,80.33333333333333,P,A
Maria Flurry,female,group C,bachelor's degree,standard,none,65,72,74,70.33333333333333,P,B+
Richard Mckinley,male,group C,high school,free/reduced,none,27,34,36,32.333333333333336,F,F
Richard Zody,male,group C,high school,standard,none,71,79,71,73.66666666666667,P,B+
Richard Johnson,male,group C,associate's degree,free/reduced,completed,43,45,50,46.0,F,F
Maria Russo,female,group B,some college,standard,none,79,86,92,85.66666666666667,P,A
Richard Arnett,male,group C,associate's degree,free/reduced,completed,78,81,82,80.33333333333333,P,A
Richard Barretta,male,group B,some high school,standard,completed,65,66,62,64.33333333333333,P,B
Maria Winchester,female,group E,some college,standard,completed,63,72,70,68.33333333333333,P,B
Maria King,female,group D,some college,free/reduced,none,58,67,62,62.333333333333336,P,B
Maria Wheeler,female,group D,bachelor's degree,standard,none,65,67,62,64.66666666666667,P,B
Richard Adan,male,group B,some college,standard,none,79,67,67,71.0,P,B+
Richard Beebe,male,group D,bachelor's degree,standard,completed,68,74,74,72.0,P,B+
Maria Martin,female,group D,associate's degree,standard,none,85,91,89,88.33333333333333,P,A
Richard Moyer,male,group B,high school,standard,completed,60,44,47,50.333333333333336,F,C
Richard Freuden,male,group C,some college,standard,completed,98,86,90,91.33333333333333,P,A+
Maria Blaney,female,group C,some college,standard,none,58,67,72,65.66666666666667,P,B
Maria Mosley,female,group D,master's degree,standard,none,87,100,100,95.66666666666667,P,A+
Richard Johnson,male,group E,associate's degree,standard,completed,66,63,64,64.33333333333333,P,B
Maria Ward,female,group B,associate's degree,free/reduced,none,52,76,70,66.0,P,B
Maria Odonnell,female,group B,some high school,standard,none,70,64,72,68.66666666666667,P,B
Maria Lassiter,female,group D,associate's degree,free/reduced,completed,77,89,98,88.0,P,A
Richard Martinie,male,group C,high school,standard,none,62,55,49,55.333333333333336,F,C
Richard Zanes,male,group A,associate's degree,standard,none,54,53,47,51.333333333333336,F,C
Maria Hyde,female,group D,some college,standard,none,51,58,54,54.333333333333336,P,C
Maria Whiteford,female,group E,bachelor's degree,standard,completed,99,100,100,99.66666666666667,P,A+
Richard Bastilla,male,group C,high school,standard,none,84,77,74,78.33333333333333,P,B+
Maria Graham,female,group B,bachelor's degree,free/reduced,none,75,85,82,80.66666666666667,P,A
Maria Hyatt,female,group D,bachelor's degree,standard,none,78,82,79,79.66666666666667,P,B+
Maria Lasater,female,group D,some high school,standard,none,51,63,61,58.333333333333336,P,C
Maria Carrillo,female,group C,some college,standard,none,55,69,65,63.0,P,B
Maria Keyes,female,group C,bachelor's degree,standard,completed,79,92,89,86.66666666666667,P,A
Richard Demetro,male,group B,associate's degree,standard,completed,91,89,92,90.66666666666667,P,A+
Maria Carey,female,group C,some college,standard,completed,88,93,93,91.33333333333333,P,A+
Richard Watson,male,group D,high school,free/reduced,none,63,57,56,58.666666666666664,P,C
Richard Jones,male,group E,some college,standard,none,83,80,73,78.66666666666667,P,B+
Maria Lee,female,group B,high school,standard,none,87,95,86,89.33333333333333,P,A
Richard Fry,male,group B,some high school,standard,none,72,68,67,69.0,P,B
Richard Russell,male,group D,some college,standard,completed,65,77,74,72.0,P,B+
Richard Fitzgerald,male,group D,master's degree,standard,none,82,82,74,79.33333333333333,P,B+
Maria Church,female,group A,bachelor's degree,standard,none,51,49,51,50.333333333333336,F,C
Richard Lane,male,group D,master's degree,standard,none,89,84,82,85.0,P,A
Richard Mcclaskey,male,group C,some high school,free/reduced,completed,53,37,40,43.333333333333336,F,F
Richard Metelus,male,group E,some college,free/reduced,completed,87,74,70,77.0,P,B+
Maria Cummins,female,group C,some college,standard,completed,75,81,84,80.0,P,A
Richard Castiglione,male,group D,bachelor's degree,free/reduced,completed,74,79,75,76.0,P,B+
Richard Allen,male,group C,bachelor's degree,standard,none,58,55,48,53.666666666666664,F,C
Richard Lewis,male,group B,some high school,standard,completed,51,54,41,48.666666666666664,F,F
Richard Mckinney,male,group E,high school,standard,none,70,55,56,60.333333333333336,P,B
Maria Smiley,female,group C,associate's degree,standard,none,59,66,67,64.0,P,B
Richard Holliday,male,group D,some college,standard,completed,71,61,69,67.0,P,B
Maria Carson,female,group D,some high school,standard,none,76,72,71,73.0,P,B+
Maria Shaw,female,group C,some college,free/reduced,none,59,62,64,61.666666666666664,P,B
Maria Poole,female,group E,some college,free/reduced,completed,42,55,54,50.333333333333336,F,C
Richard Stephens,male,group A,high school,standard,none,57,43,47,49.0,F,F
Richard Short,male,group D,some college,standard,none,88,73,78,79.66666666666667,P,B+
Maria Hagy,female,group C,some college,free/reduced,none,22,39,33,31.333333333333332,F,F
Richard Bontrager,male,group B,some high school,standard,none,88,84,75,82.33333333333333,P,A
Richard Jessup,male,group C,associate's degree,free/reduced,none,73,68,66,69.0,P,B
Maria Brasfield,female,group D,bachelor's degree,standard,completed,68,75,81,74.66666666666667,P,B+
Richard Nelson,male,group E,associate's degree,free/reduced,completed,100,100,93,97.66666666666667,P,A+
Richard Olesen,male,group A,some high school,standard,completed,62,67,69,66.0,P,B
Richard Nicholls,male,group A,bachelor's degree,standard,none,77,67,68,70.66666666666667,P,B+
Maria Peterson,female,group B,associate's degree,standard,completed,59,70,66,65.0,P,B
Richard Purnell,male,group D,bachelor's degree,standard,none,54,49,47,50.0,F,C
Richard Green,male,group D,some high school,standard,none,62,67,61,63.333333333333336,P,B
Maria Wiggins,female,group C,some college,standard,completed,70,89,88,82.33333333333333,P,A
Maria Burgess,female,group E,high school,free/reduced,completed,66,74,78,72.66666666666667,P,B+
Richard Vreeland,male,group B,some college,free/reduced,none,60,60,60,60.0,P,B
Maria Wiederwax,female,group B,associate's degree,standard,completed,61,86,87,78.0,P,B+
Richard Brandt,male,group D,associate's degree,free/reduced,none,66,62,64,64.0,P,B
Richard Edwards,male,group B,associate's degree,free/reduced,completed,82,78,74,78.0,P,B+
Maria Jones,female,group E,some college,free/reduced,completed,75,88,85,82.66666666666667,P,A
Richard Freeze,male,group B,master's degree,free/reduced,none,49,53,52,51.333333333333336,F,C
Richard Stivers,male,group C,high school,standard,none,52,53,49,51.333333333333336,F,C
Maria Nunez,female,group E,master's degree,standard,none,81,92,91,88.0,P,A
Maria Kidd,female,group C,bachelor's degree,standard,completed,96,100,100,98.66666666666667,P,A+
Richard Vang,male,group C,high school,free/reduced,completed,53,51,51,51.666666666666664,P,C
Maria Hague,female,group B,master's degree,free/reduced,completed,58,76,78,70.66666666666667,P,B+
Maria Miller,female,group B,high school,standard,completed,68,83,78,76.33333333333333,P,B+
Maria Brown,female,group C,some college,free/reduced,completed,67,75,70,70.66666666666667,P,B+
Richard Carr,male,group A,high school,standard,completed,72,73,74,73.0,P,B+
Richard Clark,male,group E,some high school,standard,none,94,88,78,86.66666666666667,P,A
Maria Kenyon,female,group D,some college,standard,none,79,86,81,82.0,P,A
Maria French,female,group C,associate's degree,standard,none,63,67,70,66.66666666666667,P,B
Maria Flanigan,female,group C,bachelor's degree,free/reduced,completed,43,51,54,49.333333333333336,F,F
Maria Morrison,female,group C,master's degree,standard,completed,81,91,87,86.33333333333333,P,A
Maria Meath,female,group B,high school,free/reduced,completed,46,54,58,52.666666666666664,F,C
Maria Chadwell,female,group C,associate's degree,standard,completed,71,77,77,75.0,P,B+
Maria Woodard,female,group B,master's degree,free/reduced,completed,52,70,62,61.333333333333336,P,B
Maria Becker,female,group D,some high school,standard,completed,97,100,100,99.0,P,A+
Richard Smith,male,group C,master's degree,free/reduced,completed,62,68,75,68.33333333333333,P,B
Maria Nading,female,group C,some college,free/reduced,none,46,64,66,58.666666666666664,F,C
Maria Keagle,female,group E,high school,standard,none,50,50,47,49.0,F,F
Maria Mccormick,female,group D,associate's degree,standard,none,65,69,70,68.0,P,B
Richard Bacote,male,group C,some high school,free/reduced,completed,45,52,49,48.666666666666664,F,F
Richard Wilburn,male,group C,associate's degree,free/reduced,completed,65,67,65,65.66666666666667,P,B
Richard Guerra,male,group E,high school,standard,none,80,76,65,73.66666666666667,P,B+
Richard Dillard,male,group D,some high school,standard,completed,62,66,68,65.33333333333333,P,B
Richard Rhoades,male,group B,some high school,free/reduced,none,48,52,45,48.333333333333336,F,F
Maria Thomas,female,group C,bachelor's degree,standard,none,77,88,87,84.0,P,A
Maria Weatherly,female,group E,associate's degree,standard,none,66,65,69,66.66666666666667,P,B
Richard Marshall,male,group D,some college,standard,completed,76,83,79,79.33333333333333,P,B+
Maria Gardner,female,group B,some high school,standard,none,62,64,66,64.0,P,B
Richard Irby,male,group D,some college,standard,completed,77,62,62,67.0,P,B
Maria Vega,female,group C,master's degree,standard,completed,69,84,85,79.33333333333333,P,B+
Richard Cervantes,male,group D,associate's degree,standard,none,61,55,52,56.0,P,C
Richard Futch,male,group C,some high school,free/reduced,completed,59,69,65,64.33333333333333,P,B
Richard Rush,male,group E,high school,free/reduced,none,55,56,51,54.0,P,C
Maria Anderson,female,group B,some college,free/reduced,none,45,53,55,51.0,F,C
Maria Cha,female,group B,bachelor's degree,free/reduced,none,78,79,76,77.66666666666667,P,B+
Maria Haley,female,group C,associate's degree,standard,completed,67,84,86,79.0,P,B+
Maria Dale,female,group D,some college,free/reduced,none,65,81,77,74.33333333333333,P,B+
Richard Locy,male,group C,associate's degree,standard,none,69,77,69,71.66666666666667,P,B+
Maria Rivera,female,group B,associate's degree,standard,none,57,69,68,64.66666666666667,P,B
Richard Israel,male,group C,some college,standard,none,59,41,42,47.333333333333336,F,F
Richard Eatman,male,group D,some high school,standard,completed,74,71,78,74.33333333333333,P,B+
Richard Barragan,male,group E,bachelor's degree,standard,none,82,62,62,68.66666666666667,P,B
Richard Kennedy,male,group E,high school,standard,completed,81,80,76,79.0,P,B+
Maria Cline,female,group B,some college,free/reduced,none,74,81,76,77.0,P,B+
Maria Smith,female,group B,some college,free/reduced,none,58,61,66,61.666666666666664,P,B
Richard Shultz,male,group D,some high school,free/reduced,completed,80,79,79,79.33333333333333,P,B+
Richard Alexander,male,group C,some college,free/reduced,none,35,28,27,30.0,F,F
Maria Carrillo,female,group C,high school,free/reduced,none,42,62,60,54.666666666666664,F,C
Richard Weir,male,group C,associate's degree,free/reduced,completed,60,51,56,55.666666666666664,P,C
Richard Phillips,male,group E,high school,standard,completed,87,91,81,86.33333333333333,P,A
Richard Vaughn,male,group B,some high school,standard,completed,84,83,75,80.66666666666667,P,A
Maria Perdue,female,group E,associate's degree,free/reduced,completed,83,86,88,85.66666666666667,P,A
Maria Spicer,female,group C,high school,free/reduced,none,34,42,39,38.333333333333336,F,F
Richard Vargas,male,group B,high school,free/reduced,none,66,77,70,71.0,P,B+
Richard Torres,male,group B,some high school,standard,completed,61,56,56,57.666666666666664,P,C
Maria Smith,female,group D,high school,standard,completed,56,68,74,66.0,P,B
Richard Vargas,male,group B,associate's degree,standard,none,87,85,73,81.66666666666667,P,A
Maria Currin,female,group C,some high school,free/reduced,none,55,65,62,60.666666666666664,P,B
Richard Jordon,male,group D,some high school,standard,none,86,80,75,80.33333333333333,P,A
Maria Rizzo,female,group B,associate's degree,standard,completed,52,66,73,63.666666666666664,P,B
Maria Otey,female,group E,master's degree,free/reduced,none,45,56,54,51.666666666666664,F,C
Maria Brown,female,group C,some college,standard,none,72,72,71,71.66666666666667,P,B+
Richard Hall,male,group D,high school,standard,none,57,50,54,53.666666666666664,P,C
Richard Bethea,male,group A,some high school,free/reduced,none,68,72,64,68.0,P,B
Maria Sealy,female,group C,some college,standard,completed,88,95,94,92.33333333333333,P,A+
Richard Martinez,male,group D,some college,standard,none,76,64,66,68.66666666666667,P,B
Richard Oliva,male,group C,associate's degree,standard,none,46,43,42,43.666666666666664,F,F
Maria Sipriano,female,group B,bachelor's degree,standard,none,67,86,83,78.66666666666667,P,B+
Richard Pavone,male,group E,some high school,standard,none,92,87,78,85.66666666666667,P,A
Richard Rivera,male,group C,bachelor's degree,standard,completed,83,82,84,83.0,P,A
Richard Gallegos,male,group D,associate's degree,standard,none,80,75,77,77.33333333333333,P,B+
Richard Comstock,male,group D,bachelor's degree,free/reduced,none,63,66,67,65.33333333333333,P,B
Maria Small,female,group D,some high school,standard,completed,64,60,74,66.0,P,B
Richard Austin,male,group B,some college,standard,none,54,52,51,52.333333333333336,P,C
Richard Leathers,male,group C,associate's degree,standard,none,84,80,80,81.33333333333333,P,A
Richard Mclaughlin,male,group D,high school,free/reduced,completed,73,68,66,69.0,P,B
Maria Love,female,group E,bachelor's degree,standard,none,80,83,83,82.0,P,A
Maria Session,female,group D,high school,standard,none,56,52,55,54.333333333333336,P,C
Richard Watts,male,group E,some college,standard,none,59,51,43,51.0,F,C
Richard Barlow,male,group D,some high school,standard,none,75,74,69,72.66666666666667,P,B+
Richard Woolum,male,group C,associate's degree,standard,none,85,76,71,77.33333333333333,P,B+
Richard Moyer,male,group E,associate's degree,standard,none,89,76,74,79.66666666666667,P,B+
Maria Templeton,female,group B,high school,standard,completed,58,70,68,65.33333333333333,P,B
Maria Wellington,female,group B,high school,standard,none,65,64,62,63.666666666666664,P,B
Richard Collins,male,group C,high school,standard,none,68,60,53,60.333333333333336,P,B
Richard Moore,male,group A,some high school,standard,completed,47,49,49,48.333333333333336,F,F
Maria Simmons,female,group D,some college,free/reduced,none,71,83,83,79.0,P,B+
Maria Green,female,group B,some high school,standard,completed,60,70,70,66.66666666666667,P,B
Richard Harness,male,group D,master's degree,standard,none,80,80,72,77.33333333333333,P,B+
Richard Leboeuf,male,group D,high school,standard,none,54,52,52,52.666666666666664,P,C
Maria Sledge,female,group E,some college,standard,none,62,73,70,68.33333333333333,P,B
Maria Ludeker,female,group C,associate's degree,free/reduced,none,64,73,68,68.33333333333333,P,B
Richard Lane,male,group C,associate's degree,standard,completed,78,77,77,77.33333333333333,P,B+
Maria Reyna,female,group B,some college,standard,none,70,75,78,74.33333333333333,P,B+
Maria Keele,female,group C,master's degree,free/reduced,completed,65,81,81,75.66666666666667,P,B+
Maria Clark,female,group C,some high school,free/reduced,completed,64,79,77,73.33333333333333,P,B+
Richard Sherrill,male,group C,some college,standard,completed,79,79,78,78.66666666666667,P,B+
Maria Brown,female,group C,some high school,free/reduced,none,44,50,51,48.333333333333336,F,F
Maria Jernigan,female,group E,high school,standard,none,99,93,90,94.0,P,A+
Richard Dax,male,group D,high school,standard,none,76,73,68,72.33333333333333,P,B+
Richard Mitchell,male,group D,some high school,free/reduced,none,59,42,41,47.333333333333336,F,F
Maria Kessler,female,group C,bachelor's degree,standard,none,63,75,81,73.0,P,B+
Maria Sanchez,female,group D,high school,standard,none,69,72,77,72.66666666666667,P,B+
Maria Shaffer,female,group D,associate's degree,standard,completed,88,92,95,91.66666666666667,P,A+
Maria Pokorney,female,group E,some college,free/reduced,none,71,76,70,72.33333333333333,P,B+
Richard Gagliardi,male,group C,bachelor's degree,standard,none,69,63,61,64.33333333333333,P,B
Richard Garza,male,group C,some college,standard,none,58,49,42,49.666666666666664,F,F
Maria Druck,female,group D,associate's degree,free/reduced,none,47,53,58,52.666666666666664,F,C
Maria Hobbs,female,group D,some college,standard,none,65,70,71,68.66666666666667,P,B
Richard Moyer,male,group B,some college,standard,completed,88,85,76,83.0,P,A
Richard Smith,male,group C,bachelor's degree,standard,none,83,78,73,78.0,P,B+
Maria Dominguez,female,group C,some high school,standard,completed,85,92,93,90.0,P,A+
Maria Valenzuela,female,group E,high school,standard,completed,59,63,75,65.66666666666667,P,B
Maria Robertson,female,group C,some high school,free/reduced,none,65,86,80,77.0,P,B+
Richard Tingle,male,group B,bachelor's degree,free/reduced,none,73,56,57,62.0,P,B
Richard Hernandez,male,group D,high school,standard,none,53,52,42,49.0,F,F
Richard Williamson,male,group D,high school,standard,none,45,48,46,46.333333333333336,F,F
Maria Fisher,female,group D,bachelor's degree,free/reduced,none,73,79,84,78.66666666666667,P,B+
Maria Spencer,female,group D,some college,free/reduced,completed,70,78,78,75.33333333333333,P,B+
Maria Iliff,female,group B,some high school,standard,none,37,46,46,43.0,F,F
Richard Mcdougall,male,group B,associate's degree,standard,completed,81,82,82,81.66666666666667,P,A
Richard Chua,male,group E,associate's degree,standard,completed,97,82,88,89.0,P,A
Maria Owings,female,group B,some high school,standard,none,67,89,82,79.33333333333333,P,B+
Richard Elzey,male,group B,bachelor's degree,free/reduced,none,88,75,76,79.66666666666667,P,B+
Richard Heyes,male,group E,some high school,standard,completed,77,76,77,76.66666666666667,P,B+
Richard Haley,male,group C,associate's degree,standard,none,76,70,68,71.33333333333333,P,B+
Richard Vega,male,group D,some high school,standard,none,86,73,70,76.33333333333333,P,B+
Richard Hardy,male,group C,some high school,standard,completed,63,60,57,60.0,P,B
Maria Moroney,female,group E,bachelor's degree,standard,none,65,73,75,71.0,P,B+
Richard Blythe,male,group D,high school,free/reduced,completed,78,77,80,78.33333333333333,P,B+
Richard Chauvin,male,group B,associate's degree,free/reduced,none,67,62,60,63.0,P,B
Richard Bolen,male,group A,some high school,standard,completed,46,41,43,43.333333333333336,F,F
Richard Peele,male,group E,associate's degree,standard,completed,71,74,68,71.0,P,B+
Richard Coffin,male,group C,high school,free/reduced,completed,40,46,50,45.333333333333336,F,F
Richard Muhammad,male,group D,associate's degree,free/reduced,none,90,87,75,84.0,P,A
Richard Cummins,male,group A,some college,free/reduced,completed,81,78,81,80.0,P,A
Richard Zarate,male,group D,some high school,free/reduced,none,56,54,52,54.0,P,C
Maria Wignall,female,group C,associate's degree,standard,completed,67,84,81,77.33333333333333,P,B+
Richard Deleon,male,group B,associate's degree,standard,none,80,76,64,73.33333333333333,P,B+
Maria Miller,female,group C,associate's degree,standard,completed,74,75,83,77.33333333333333,P,B+
Richard Ward,male,group A,some college,standard,none,69,67,69,68.33333333333333,P,B
Richard Robinett,male,group E,some college,standard,completed,99,87,81,89.0,P,A
Richard Butler,male,group C,some high school,standard,none,51,52,44,49.0,F,F
Maria Schmitz,female,group B,associate's degree,free/reduced,none,53,71,67,63.666666666666664,P,B
Maria Hargis,female,group D,high school,free/reduced,none,49,57,52,52.666666666666664,F,C
Maria Millette,female,group B,associate's degree,standard,none,73,76,80,76.33333333333333,P,B+
Richard Carson,male,group B,bachelor's degree,standard,none,66,60,57,61.0,P,B
Richard Ricks,male,group D,bachelor's degree,standard,completed,67,61,68,65.33333333333333,P,B
Maria Downs,female,group C,associate's degree,free/reduced,completed,68,67,69,68.0,P,B
Maria Smith,female,group C,bachelor's degree,standard,completed,59,64,75,66.0,P,B
Richard Robb,male,group C,high school,standard,none,71,66,65,67.33333333333333,P,B
Maria Hicks,female,group D,master's degree,standard,completed,77,82,91,83.33333333333333,P,A
Richard Wick,male,group C,associate's degree,standard,none,83,72,78,77.66666666666667,P,B+
Richard Stevens,male,group B,bachelor's degree,standard,none,63,71,69,67.66666666666667,P,B
Maria Tapia,female,group D,associate's degree,free/reduced,none,56,65,63,61.333333333333336,P,B
Maria Iha,female,group C,high school,free/reduced,completed,67,79,84,76.66666666666667,P,B+
Maria Stagner,female,group E,high school,standard,none,75,86,79,80.0,P,A
Maria Luna,female,group C,some college,standard,none,71,81,80,77.33333333333333,P,B+
Maria Smith,female,group C,some high school,free/reduced,none,43,53,53,49.666666666666664,F,F
Maria Welch,female,group C,high school,free/reduced,none,41,46,43,43.333333333333336,F,F
Maria Gentry,female,group C,some college,standard,none,82,90,94,88.66666666666667,P,A
Richard Filas,male,group C,some college,standard,none,61,61,62,61.333333333333336,P,B
Richard Vizarro,male,group A,some college,free/reduced,none,28,23,19,23.333333333333332,F,F
Richard Bush,male,group C,associate's degree,standard,completed,82,75,77,78.0,P,B+
Maria Butler,female,group B,some high school,standard,none,41,55,51,49.0,F,F
Richard Weaver,male,group C,high school,standard,none,71,60,61,64.0,P,B
Richard Cortez,male,group C,associate's degree,standard,none,47,37,35,39.666666666666664,F,F
Richard Serna,male,group E,associate's degree,standard,completed,62,56,53,57.0,P,C
Richard Morse,male,group B,associate's degree,standard,none,90,78,81,83.0,P,A
Maria Lopez,female,group C,bachelor's degree,standard,none,83,93,95,90.33333333333333,P,A+
Maria Adams,female,group B,some college,free/reduced,none,61,68,66,65.0,P,B
Richard Sweet,male,group D,some high school,standard,completed,76,70,69,71.66666666666667,P,B+
Richard Ramirez,male,group C,associate's degree,standard,none,49,51,43,47.666666666666664,F,F
Maria Bastianelli,female,group B,some high school,free/reduced,none,24,38,27,29.666666666666668,F,F
Maria Pecanty,female,group D,some high school,free/reduced,completed,35,55,60,50.0,F,C
Richard Kenon,male,group C,high school,free/reduced,none,58,61,52,57.0,P,C
Maria Gomez,female,group C,high school,standard,none,61,73,63,65.66666666666667,P,B
Maria Otero,female,group B,high school,standard,completed,69,76,74,73.0,P,B+
Richard Reinhardt,male,group D,associate's degree,standard,completed,67,72,67,68.66666666666667,P,B
Richard Dunlap,male,group D,some college,standard,none,79,73,67,73.0,P,B+
Maria King,female,group C,high school,standard,none,72,80,75,75.66666666666667,P,B+
Richard Morton,male,group B,some college,standard,none,62,61,57,60.0,P,B
Maria Watkins,female,group C,bachelor's degree,standard,completed,77,94,95,88.66666666666667,P,A
Richard Markert,male,group D,high school,free/reduced,none,75,74,66,71.66666666666667,P,B+
Richard Pack,male,group E,associate's degree,standard,none,87,74,76,79.0,P,B+
Maria Mccormick,female,group B,bachelor's degree,standard,none,52,65,69,62.0,P,B
Richard Washington,male,group E,some college,standard,none,66,57,52,58.333333333333336,P,C
Maria Mcclusky,female,group C,some college,standard,completed,63,78,80,73.66666666666667,P,B+
Maria Rollins,female,group C,associate's degree,standard,none,46,58,57,53.666666666666664,F,C
Maria Talley,female,group C,some college,standard,none,59,71,70,66.66666666666667,P,B
Maria Hurlburt,female,group B,bachelor's degree,standard,none,61,72,70,67.66666666666667,P,B
Richard Champagne,male,group A,associate's degree,standard,none,63,61,61,61.666666666666664,P,B
Maria Juarez,female,group C,some college,free/reduced,completed,42,66,69,59.0,F,C
Richard Vitale,male,group D,some college,free/reduced,none,59,62,61,60.666666666666664,P,B
Maria Zhou,female,group D,some college,standard,none,80,90,89,86.33333333333333,P,A
Maria Hacker,female,group B,high school,standard,none,58,62,59,59.666666666666664,P,C
Richard Eng,male,group B,some high school,standard,completed,85,84,78,82.33333333333333,P,A
Maria Dibbles,female,group C,some college,standard,none,52,58,58,56.0,P,C
Maria Moreno,female,group D,some high school,free/reduced,none,27,34,32,31.0,F,F
Richard Thomason,male,group C,some college,standard,none,59,60,58,59.0,P,C
Richard Wilkinson,male,group A,bachelor's degree,free/reduced,completed,49,58,60,55.666666666666664,F,C
Richard Witmer,male,group C,high school,standard,completed,69,58,53,60.0,P,B
Richard White,male,group C,bachelor's degree,free/reduced,none,61,66,61,62.666666666666664,P,B
Maria Collins,female,group A,some high school,free/reduced,none,44,64,58,55.333333333333336,F,C
Maria Moore,female,group D,some high school,standard,none,73,84,85,80.66666666666667,P,A
Richard Medina,male,group E,some college,standard,none,84,77,71,77.33333333333333,P,B+
Maria Thornton,female,group C,some college,free/reduced,completed,45,73,70,62.666666666666664,F,B
Richard Morrison,male,group D,some high school,standard,none,74,74,72,73.33333333333333,P,B+
Maria Connell,female,group D,some college,standard,completed,82,97,96,91.66666666666667,P,A+
Maria Venson,female,group D,bachelor's degree,standard,none,59,70,73,67.33333333333333,P,B
Richard Weaver,male,group E,associate's degree,free/reduced,none,46,43,41,43.333333333333336,F,F
Maria Kapinos,female,group D,some high school,standard,none,80,90,82,84.0,P,A
Maria Towery,female,group D,master's degree,free/reduced,completed,85,95,100,93.33333333333333,P,A+
Maria Barnes,female,group A,some high school,standard,none,71,83,77,77.0,P,B+
Richard Goodson,male,group A,bachelor's degree,standard,none,66,64,62,64.0,P,B
Maria Nixon,female,group B,associate's degree,standard,none,80,86,83,83.0,P,A
Richard Mcgranor,male,group C,associate's degree,standard,completed,87,100,95,94.0,P,A+
Richard Alvarado,male,group C,master's degree,free/reduced,none,79,81,71,77.0,P,B+
Maria Hernandez,female,group E,some high school,free/reduced,none,38,49,45,44.0,F,F
Maria Miller,female,group A,some high school,free/reduced,none,38,43,43,41.333333333333336,F,F
Maria Wierzbicki,female,group E,some college,standard,none,67,76,75,72.66666666666667,P,B+
Maria Scurry,female,group E,bachelor's degree,standard,none,64,73,70,69.0,P,B
Maria Lewis,female,group C,associate's degree,free/reduced,none,57,78,67,67.33333333333333,P,B
Maria Ly,female,group D,high school,standard,none,62,64,64,63.333333333333336,P,B
Richard Hice,male,group D,master's degree,standard,none,73,70,75,72.66666666666667,P,B+
Richard Reilly,male,group E,some high school,free/reduced,completed,73,67,59,66.33333333333333,P,B
Maria Zak,female,group D,some college,standard,none,77,68,77,74.0,P,B+
Richard Williams,male,group E,some college,standard,none,76,67,67,70.0,P,B+
Richard Kane,male,group C,associate's degree,standard,completed,57,54,56,55.666666666666664,P,C
Maria Mccoy,female,group C,some high school,standard,completed,65,74,77,72.0,P,B+
Richard Frazier,male,group A,high school,free/reduced,none,48,45,41,44.666666666666664,F,F
Maria Rivera,female,group B,high school,free/reduced,none,50,67,63,60.0,P,B
Maria Gregory,female,group C,associate's degree,standard,none,85,89,95,89.66666666666667,P,A
Richard Ross,male,group B,some high school,standard,none,74,63,57,64.66666666666667,P,B
Richard Sieberg,male,group D,some high school,standard,none,60,59,54,57.666666666666664,P,C
Maria Allen,female,group C,some high school,standard,completed,59,54,67,60.0,P,B
Richard Johnson,male,group A,some college,standard,none,53,43,43,46.333333333333336,F,F
Maria Krug,female,group A,some college,free/reduced,none,49,65,55,56.333333333333336,F,C
Maria Rutter,female,group D,high school,standard,completed,88,99,100,95.66666666666667,P,A+
Maria Peek,female,group C,high school,standard,none,54,59,62,58.333333333333336,P,C
Maria Walker,female,group C,some high school,standard,none,63,73,68,68.0,P,B
Richard Hill,male,group B,associate's degree,standard,completed,65,65,63,64.33333333333333,P,B
Maria Klein,female,group B,associate's degree,standard,none,82,80,77,79.66666666666667,P,B+
Maria Curran,female,group D,high school,free/reduced,completed,52,57,56,55.0,P,C
Richard Moseley,male,group D,associate's degree,standard,completed,87,84,85,85.33333333333333,P,A
Maria Barnett,female,group D,master's degree,standard,completed,70,71,74,71.66666666666667,P,B+
Richard Dafonte,male,group E,some college,standard,completed,84,83,78,81.66666666666667,P,A
Richard Pacheo,male,group D,associate's degree,standard,none,71,66,60,65.66666666666667,P,B
Richard Brasher,male,group B,some high school,standard,completed,63,67,67,65.66666666666667,P,B
Maria Duran,female,group C,bachelor's degree,free/reduced,completed,51,72,79,67.33333333333333,P,B
Richard Evenson,male,group E,high school,standard,none,84,73,69,75.33333333333333,P,B+
Richard Francis,male,group C,bachelor's degree,standard,completed,71,74,68,71.0,P,B+
Richard Kuntzman,male,group C,associate's degree,standard,none,74,73,67,71.33333333333333,P,B+
Richard Helgason,male,group D,some college,standard,none,68,59,62,63.0,P,B
Richard Paul,male,group E,high school,free/reduced,completed,57,56,54,55.666666666666664,P,C
Maria Bruce,female,group C,associate's degree,free/reduced,completed,82,93,93,89.33333333333333,P,A
Maria Haun,female,group D,high school,standard,completed,57,58,64,59.666666666666664,P,C
Maria Singleton,female,group D,master's degree,free/reduced,completed,47,58,67,57.333333333333336,F,C
Maria Brock,female,group A,some high school,standard,completed,59,85,80,74.66666666666667,P,B+
Richard Kelly,male,group B,some college,free/reduced,none,41,39,34,38.0,F,F
Maria Page,female,group C,some college,free/reduced,none,62,67,62,63.666666666666664,P,B
Richard Watson,male,group C,bachelor's degree,standard,none,86,83,86,85.0,P,A
Richard Battaglia,male,group C,some high school,free/reduced,none,69,71,65,68.33333333333333,P,B
Richard Elliott,male,group A,some high school,free/reduced,none,65,59,53,59.0,P,C
Richard Knight,male,group C,some high school,free/reduced,none,68,63,54,61.666666666666664,P,B
Richard Garcia,male,group C,associate's degree,free/reduced,none,64,66,59,63.0,P,B
Maria Sampson,female,group C,high school,standard,none,61,72,70,67.66666666666667,P,B
Richard Porter,male,group C,high school,standard,none,61,56,55,57.333333333333336,P,C
Maria Alvarez,female,group A,some high school,free/reduced,none,47,59,50,52.0,F,C
Richard Evans,male,group C,some high school,standard,none,73,66,66,68.33333333333333,P,B
Richard Burks,male,group C,some college,free/reduced,completed,50,48,53,50.333333333333336,F,C
Richard Worthy,male,group D,associate's degree,standard,none,75,68,64,69.0,P,B
Richard Dominick,male,group D,associate's degree,free/reduced,none,75,66,73,71.33333333333333,P,B+
Richard Partin,male,group C,high school,standard,none,70,56,51,59.0,P,C
Richard Glover,male,group D,some high school,standard,completed,89,88,82,86.33333333333333,P,A
Maria Savoy,female,group C,some college,standard,completed,67,81,79,75.66666666666667,P,B+
Maria Dyer,female,group D,high school,standard,none,78,81,80,79.66666666666667,P,B+
Maria Zayicek,female,group A,some high school,free/reduced,none,59,73,69,67.0,P,B
Maria Little,female,group B,associate's degree,standard,none,73,83,76,77.33333333333333,P,B+
Richard Marshall,male,group A,some high school,free/reduced,none,79,82,73,78.0,P,B+
Maria Williams,female,group C,some high school,standard,completed,67,74,77,72.66666666666667,P,B+
Richard Brewster,male,group D,some college,free/reduced,none,69,66,60,65.0,P,B
Richard Bohn,male,group C,high school,standard,completed,86,81,80,82.33333333333333,P,A
Richard Faison,male,group B,high school,standard,none,47,46,42,45.0,F,F
Richard Luechtefeld,male,group B,associate's degree,standard,none,81,73,72,75.33333333333333,P,B+
Maria Yon,female,group C,some college,free/reduced,completed,64,85,85,78.0,P,B+
Maria Nichols,female,group E,some college,standard,none,100,92,97,96.33333333333333,P,A+
Maria Glass,female,group C,associate's degree,free/reduced,none,65,77,74,72.0,P,B+
Richard Rupp,male,group C,some college,free/reduced,none,65,58,49,57.333333333333336,F,C
Maria Bozarth,female,group C,associate's degree,free/reduced,none,53,61,62,58.666666666666664,P,C
Richard Niver,male,group C,bachelor's degree,free/reduced,none,37,56,47,46.666666666666664,F,F
Maria Mead,female,group D,bachelor's degree,standard,none,79,89,89,85.66666666666667,P,A
Richard Groves,male,group D,associate's degree,free/reduced,none,53,54,48,51.666666666666664,F,C
Maria Bumbrey,female,group E,bachelor's degree,standard,none,100,100,100,100.0,P,A+
Richard Graves,male,group B,high school,standard,completed,72,65,68,68.33333333333333,P,B
Richard Brummett,male,group C,bachelor's degree,free/reduced,none,53,58,55,55.333333333333336,P,C
Richard Dodge,male,group B,some college,free/reduced,none,54,54,45,51.0,F,C
Maria Matskin,female,group E,some college,standard,none,71,70,76,72.33333333333333,P,B+
Maria Rhodes,female,group C,some college,free/reduced,none,77,90,91,86.0,P,A
Richard Eisentrout,male,group A,bachelor's degree,standard,completed,75,58,62,65.0,P,B
Maria Quintana,female,group C,some college,standard,none,84,87,91,87.33333333333333,P,A
Maria Haggard,female,group D,associate's degree,free/reduced,none,26,31,38,31.666666666666668,F,F
Richard Boshart,male,group A,high school,free/reduced,completed,72,67,65,68.0,P,B
Maria Barbagallo,female,group A,high school,free/reduced,completed,77,88,85,83.33333333333333,P,A
Richard Chappel,male,group C,some college,standard,none,91,74,76,80.33333333333333,P,A
Maria Farrell,female,group C,associate's degree,standard,completed,83,85,90,86.0,P,A
Maria Allen,female,group C,high school,standard,none,63,69,74,68.66666666666667,P,B
Maria Mosher,female,group C,associate's degree,standard,completed,68,86,84,79.33333333333333,P,B+
Maria Lorenzo,female,group D,some high school,standard,none,59,67,61,62.333333333333336,P,B
Maria Kahn,female,group B,associate's degree,standard,completed,90,90,91,90.33333333333333,P,A+
Maria Suennen,female,group D,bachelor's degree,standard,completed,71,76,83,76.66666666666667,P,B+
Richard Iyo,male,group E,bachelor's degree,standard,completed,76,62,66,68.0,P,B
Richard Wall,male,group D,associate's degree,standard,none,80,68,72,73.33333333333333,P,B+
Maria Lee,female,group D,master's degree,standard,none,55,64,70,63.0,P,B
Richard Tillman,male,group E,associate's degree,standard,none,76,71,67,71.33333333333333,P,B+
Richard Mcadams,male,group B,high school,standard,completed,73,71,68,70.66666666666667,P,B+
Maria Bell,female,group D,associate's degree,free/reduced,none,52,59,56,55.666666666666664,P,C
Richard Henderson,male,group C,some college,free/reduced,none,68,68,61,65.66666666666667,P,B
Richard Sawyer,male,group A,high school,standard,none,59,52,46,52.333333333333336,F,C
Maria Horn,female,group B,associate's degree,standard,none,49,52,54,51.666666666666664,F,C
Richard Bullins,male,group C,high school,standard,none,70,74,71,71.66666666666667,P,B+
Richard Harris,male,group D,some college,free/reduced,none,61,47,56,54.666666666666664,F,C
Maria Ward,female,group C,associate's degree,free/reduced,none,60,75,74,69.66666666666667,P,B
Richard Riggs,male,group B,some high school,standard,completed,64,53,57,58.0,P,C
Richard Gould,male,group A,associate's degree,free/reduced,completed,79,82,82,81.0,P,A
Maria Billiot,female,group A,associate's degree,free/reduced,none,65,85,76,75.33333333333333,P,B+
Maria Chisum,female,group C,associate's degree,standard,none,64,64,70,66.0,P,B
Maria Dirks,female,group C,some college,standard,none,83,83,90,85.33333333333333,P,A
Maria Barnes,female,group C,bachelor's degree,standard,none,81,88,90,86.33333333333333,P,A
Maria Bell,female,group B,high school,standard,none,54,64,68,62.0,P,B
Richard Lee,male,group D,high school,standard,completed,68,64,66,66.0,P,B
Maria Taggart,female,group C,some college,standard,none,54,48,52,51.333333333333336,F,C
Maria Huether,female,group D,some college,free/reduced,completed,59,78,76,71.0,P,B+
Maria Murphy,female,group B,some high school,standard,none,66,69,68,67.66666666666667,P,B
Richard Roseman,male,group E,some college,standard,none,76,71,72,73.0,P,B+
Maria Collins,female,group D,master's degree,standard,none,74,79,82,78.33333333333333,P,B+
Maria Mcdermott,female,group B,associate's degree,standard,completed,94,87,92,91.0,P,A+
Richard Sachse,male,group C,some college,free/reduced,none,63,61,54,59.333333333333336,P,C
Maria Korsmeyer,female,group E,associate's degree,standard,completed,95,89,92,92.0,P,A+
Maria Ruff,female,group D,master's degree,free/reduced,none,40,59,54,51.0,F,C
Maria Seneker,female,group B,some high school,standard,none,82,82,80,81.33333333333333,P,A
Richard Jaramillo,male,group A,high school,standard,none,68,70,66,68.0,P,B
Richard Wade,male,group B,bachelor's degree,free/reduced,none,55,59,54,56.0,P,C
Richard Rowland,male,group C,master's degree,standard,none,79,78,77,78.0,P,B+
Maria Ortega,female,group C,bachelor's degree,standard,none,86,92,87,88.33333333333333,P,A
Richard Wood,male,group D,some college,standard,none,76,71,73,73.33333333333333,P,B+
Richard Benoit,male,group A,some high school,standard,none,64,50,43,52.333333333333336,F,C
Richard Hasley,male,group D,some high school,free/reduced,none,62,49,52,54.333333333333336,F,C
Maria Rayner,female,group B,some high school,standard,completed,54,61,62,59.0,P,C
Maria Tirado,female,group B,master's degree,free/reduced,completed,77,97,94,89.33333333333333,P,A
Maria Williams,female,group C,some high school,standard,completed,76,87,85,82.66666666666667,P,A
Maria Harvey,female,group D,some college,standard,none,74,89,84,82.33333333333333,P,A
Maria Keyes,female,group E,some college,standard,completed,66,74,73,71.0,P,B+
Maria Rios,female,group D,some high school,standard,completed,66,78,78,74.0,P,B+
Maria Smith,female,group B,high school,free/reduced,completed,67,78,79,74.66666666666667,P,B+
Richard Oliver,male,group D,some college,standard,none,71,49,52,57.333333333333336,F,C
Maria Fedele,female,group C,associate's degree,standard,none,91,86,84,87.0,P,A
Richard Hewlett,male,group D,bachelor's degree,standard,none,69,58,57,61.333333333333336,P,B
Richard Bourne,male,group C,master's degree,free/reduced,none,54,59,50,54.333333333333336,P,C
Richard Hayes,male,group C,high school,standard,completed,53,52,49,51.333333333333336,F,C
Richard Allums,male,group E,some college,standard,none,68,60,59,62.333333333333336,P,B
Richard Adams,male,group C,some high school,free/reduced,completed,56,61,60,59.0,P,C
Maria Winslow,female,group C,high school,free/reduced,none,36,53,43,44.0,F,F
Maria Smith,female,group D,bachelor's degree,free/reduced,none,29,41,47,39.0,F,F
Maria Smith,female,group C,associate's degree,standard,none,62,74,70,68.66666666666667,P,B
Maria Valado,female,group C,associate's degree,standard,completed,68,67,73,69.33333333333333,P,B
Maria Rose,female,group C,some high school,standard,none,47,54,53,51.333333333333336,F,C
Richard Adams,male,group E,associate's degree,standard,completed,62,61,58,60.333333333333336,P,B
Maria Giraldo,female,group E,associate's degree,standard,completed,79,88,94,87.0,P,A
Richard Adams,male,group B,high school,standard,completed,73,69,68,70.0,P,B+
Maria Sweet,female,group C,bachelor's degree,free/reduced,completed,66,83,83,77.33333333333333,P,B+
Richard Bennion,male,group C,associate's degree,standard,completed,51,60,58,56.333333333333336,P,C
Maria Patchell,female,group D,high school,standard,none,51,66,62,59.666666666666664,P,C
Richard Davidson,male,group E,bachelor's degree,standard,completed,85,66,71,74.0,P,B+
Richard Baker,male,group A,associate's degree,standard,completed,97,92,86,91.66666666666667,P,A+
Richard Parks,male,group C,high school,standard,completed,75,69,68,70.66666666666667,P,B+
Richard Goldberger,male,group D,associate's degree,free/reduced,completed,79,82,80,80.33333333333333,P,A
Maria Deal,female,group C,associate's degree,standard,none,81,77,79,79.0,P,B+
Maria Trevino,female,group D,associate's degree,standard,none,82,95,89,88.66666666666667,P,A
Maria Thomas,female,group D,master's degree,standard,none,64,63,66,64.33333333333333,P,B
Richard Stoneback,male,group E,some high school,free/reduced,completed,78,83,80,80.33333333333333,P,A
Maria Williams,female,group A,some high school,standard,completed,92,100,97,96.33333333333333,P,A+
Richard Youtsey,male,group C,high school,standard,completed,72,67,64,67.66666666666667,P,B
Maria Reyna,female,group C,high school,free/reduced,none,62,67,64,64.33333333333333,P,B
Richard Hunter,male,group C,master's degree,standard,none,79,72,69,73.33333333333333,P,B+
Richard Peterson,male,group C,some high school,free/reduced,none,79,76,65,73.33333333333333,P,B+
Richard Waller,male,group B,bachelor's degree,free/reduced,completed,87,90,88,88.33333333333333,P,A
Maria Coburn,female,group B,associate's degree,standard,none,40,48,50,46.0,F,F
Richard Flatt,male,group D,some college,free/reduced,none,77,62,64,67.66666666666667,P,B
Richard Severance,male,group E,associate's degree,standard,none,53,45,40,46.0,F,F
Maria Rodriguez,female,group C,some college,free/reduced,none,32,39,33,34.666666666666664,F,F
Maria Fischer,female,group C,associate's degree,standard,completed,55,72,79,68.66666666666667,P,B
Richard Swank,male,group C,master's degree,free/reduced,none,61,67,66,64.66666666666667,P,B
Maria Martinez,female,group B,associate's degree,free/reduced,none,53,70,70,64.33333333333333,P,B
Richard Thompson,male,group D,some high school,standard,none,73,66,62,67.0,P,B
Maria Williams,female,group D,some college,standard,completed,74,75,79,76.0,P,B+
Maria Ford,female,group C,some college,standard,none,63,74,74,70.33333333333333,P,B+
Richard Marro,male,group C,bachelor's degree,standard,completed,96,90,92,92.66666666666667,P,A+
Maria Martin,female,group D,some college,free/reduced,completed,63,80,80,74.33333333333333,P,B+
Richard Thompson,male,group B,bachelor's degree,free/reduced,none,48,51,46,48.333333333333336,F,F
Richard Malone,male,group B,associate's degree,standard,none,48,43,45,45.333333333333336,F,F
Maria Willits,female,group E,bachelor's degree,free/reduced,completed,92,100,100,97.33333333333333,P,A+
Maria Brawley,female,group D,master's degree,free/reduced,completed,61,71,78,70.0,P,B+
Richard Mcelhaney,male,group B,high school,free/reduced,none,63,48,47,52.666666666666664,F,C
Richard Puskar,male,group D,bachelor's degree,free/reduced,none,68,68,67,67.66666666666667,P,B
Richard Millican,male,group B,some college,standard,completed,71,75,70,72.0,P,B+
Richard Adkins,male,group A,bachelor's degree,standard,none,91,96,92,93.0,P,A+
Maria Wallace,female,group C,some college,standard,none,53,62,56,57.0,P,C
Maria Burton,female,group C,high school,free/reduced,completed,50,66,64,60.0,P,B
Maria King,female,group E,high school,standard,none,74,81,71,75.33333333333333,P,B+
Richard Strong,male,group A,associate's degree,free/reduced,completed,40,55,53,49.333333333333336,F,F
Richard Seal,male,group A,some college,standard,completed,61,51,52,54.666666666666664,P,C
Maria Morales,female,group B,high school,standard,none,81,91,89,87.0,P,A
Maria Jackson,female,group B,some college,free/reduced,completed,48,56,58,54.0,F,C
Maria Guadalupe,female,group D,master's degree,standard,none,53,61,68,60.666666666666664,P,B
Maria Perkins,female,group D,some high school,standard,none,81,97,96,91.33333333333333,P,A+
Maria Sweeney,female,group E,some high school,standard,none,77,79,80,78.66666666666667,P,B+
Maria Fulks,female,group D,bachelor's degree,free/reduced,none,63,73,78,71.33333333333333,P,B+
Maria Thomas,female,group D,associate's degree,standard,completed,73,75,80,76.0,P,B+
Maria Beaudry,female,group D,some college,standard,none,69,77,77,74.33333333333333,P,B+
Maria Andrews,female,group C,associate's degree,standard,none,65,76,76,72.33333333333333,P,B+
Maria Feliciano,female,group A,high school,standard,none,55,73,73,67.0,P,B
Maria Kalkman,female,group C,bachelor's degree,free/reduced,none,44,63,62,56.333333333333336,F,C
Maria Anderson,female,group C,some college,standard,none,54,64,65,61.0,P,B
Maria Greenough,female,group A,some high school,standard,none,48,66,65,59.666666666666664,F,C
Richard Mcallister,male,group C,some college,free/reduced,none,58,57,54,56.333333333333336,P,C
Richard Johnson,male,group A,some high school,standard,none,71,62,50,61.0,P,B
Richard Edwards,male,group E,bachelor's degree,standard,none,68,68,64,66.66666666666667,P,B
Maria Kirby,female,group E,high school,standard,none,74,76,73,74.33333333333333,P,B+
Maria Ewing,female,group C,bachelor's degree,standard,completed,92,100,99,97.0,P,A+
Maria Decker,female,group C,bachelor's degree,standard,completed,56,79,72,69.0,P,B
Richard Boyd,male,group B,high school,free/reduced,none,30,24,15,23.0,F,F
Richard Hefferon,male,group A,some high school,standard,none,53,54,48,51.666666666666664,F,C
Maria Leonard,female,group D,high school,standard,none,69,77,73,73.0,P,B+
Maria Weiner,female,group D,some high school,standard,none,65,82,81,76.0,P,B+
Maria Glass,female,group D,master's degree,standard,none,54,60,63,59.0,P,C
Maria Board,female,group C,high school,standard,none,29,29,30,29.333333333333332,F,F
Maria Carleton,female,group E,some college,standard,none,76,78,80,78.0,P,B+
Richard Sasser,male,group D,high school,free/reduced,none,60,57,51,56.0,P,C
Richard Curtis,male,group D,master's degree,free/reduced,completed,84,89,90,87.66666666666667,P,A
Richard Walker,male,group C,some high school,standard,none,75,72,62,69.66666666666667,P,B
Maria Ross,female,group C,associate's degree,standard,none,85,84,82,83.66666666666667,P,A
Maria Kennedy,female,group C,master's degree,free/reduced,none,40,58,54,50.666666666666664,F,C
Maria Hatherly,female,group E,some college,standard,none,61,64,62,62.333333333333336,P,B
Maria Cheney,female,group B,associate's degree,standard,none,58,63,65,62.0,P,B
Richard Pastian,male,group D,some college,free/reduced,completed,69,60,63,64.0,P,B
Maria Hicks,female,group C,some college,standard,none,58,59,66,61.0,P,B
Richard Stevens,male,group C,bachelor's degree,standard,completed,94,90,91,91.66666666666667,P,A+
Maria Herman,female,group C,associate's degree,standard,none,65,77,74,72.0,P,B+
Maria Randell,female,group A,associate's degree,standard,none,82,93,93,89.33333333333333,P,A
Maria Kohl,female,group C,high school,standard,none,60,68,72,66.66666666666667,P,B
Maria Kramer,female,group E,bachelor's degree,standard,none,37,45,38,40.0,F,F
Richard Pickens,male,group D,bachelor's degree,standard,none,88,78,83,83.0,P,A
Richard Raymond,male,group D,master's degree,standard,none,95,81,84,86.66666666666667,P,A
Richard Gibson,male,group C,associate's degree,free/reduced,completed,65,73,68,68.66666666666667,P,B
Maria Sanchez,female,group C,high school,free/reduced,none,35,61,54,50.0,F,C
Richard Cordova,male,group B,bachelor's degree,free/reduced,none,62,63,56,60.333333333333336,P,B
Richard Killeen,male,group C,high school,free/reduced,completed,58,51,52,53.666666666666664,P,C
Richard Coston,male,group A,some college,standard,completed,100,96,86,94.0,P,A+
Maria Torres,female,group E,bachelor's degree,free/reduced,none,61,58,62,60.333333333333336,P,B
Richard Jackson,male,group D,some college,standard,completed,100,97,99,98.66666666666667,P,A+
Richard Piraino,male,group B,associate's degree,free/reduced,completed,69,70,63,67.33333333333333,P,B
Richard Noyes,male,group D,associate's degree,standard,none,61,48,46,51.666666666666664,F,C
Richard Yuan,male,group D,some college,free/reduced,none,49,57,46,50.666666666666664,F,C
Maria Tanner,female,group C,some high school,standard,completed,44,51,55,50.0,F,C
Richard Tyson,male,group D,some college,standard,none,67,64,70,67.0,P,B
Richard Nguyen,male,group B,high school,standard,none,79,60,65,68.0,P,B
Maria Viera,female,group B,bachelor's degree,standard,completed,66,74,81,73.66666666666667,P,B+
Maria Rodriquez,female,group C,high school,standard,none,75,88,85,82.66666666666667,P,A
Richard Coto,male,group D,some high school,standard,none,84,84,80,82.66666666666667,P,A
Richard Ruffin,male,group A,high school,standard,none,71,74,64,69.66666666666667,P,B
Maria Burris,female,group B,high school,free/reduced,completed,67,80,81,76.0,P,B+
Maria Ginsburg,female,group D,some high school,standard,completed,80,92,88,86.66666666666667,P,A
Richard Curtis,male,group E,some college,standard,none,86,76,74,78.66666666666667,P,B+
Maria Hanneman,female,group D,associate's degree,standard,none,76,74,73,74.33333333333333,P,B+
Richard Whyte,male,group D,high school,standard,none,41,52,51,48.0,F,F
Maria Reed,female,group D,associate's degree,free/reduced,completed,74,88,90,84.0,P,A
Maria Anderson,female,group B,some high school,free/reduced,none,72,81,79,77.33333333333333,P,B+
Maria Saddler,female,group E,high school,standard,completed,74,79,80,77.66666666666667,P,B+
Richard Chancellor,male,group B,high school,standard,none,70,65,60,65.0,P,B
Maria Abraham,female,group B,bachelor's degree,standard,completed,65,81,81,75.66666666666667,P,B+
Maria Oliver,female,group D,associate's degree,standard,none,59,70,65,64.66666666666667,P,B
Maria Remaley,female,group E,high school,free/reduced,none,64,62,68,64.66666666666667,P,B
Maria Richards,female,group B,high school,standard,none,50,53,55,52.666666666666664,P,C
Maria Medeiros,female,group D,some college,standard,completed,69,79,81,76.33333333333333,P,B+
Richard Mcentegart,male,group C,some high school,free/reduced,completed,51,56,53,53.333333333333336,P,C
Maria Wasson,female,group A,high school,standard,completed,68,80,76,74.66666666666667,P,B+
Maria Hernandez,female,group D,some college,standard,completed,85,86,98,89.66666666666667,P,A
Maria Averett,female,group A,associate's degree,standard,completed,65,70,74,69.66666666666667,P,B
Maria Cheeks,female,group B,some high school,standard,none,73,79,79,77.0,P,B+
Maria Ferry,female,group B,some college,standard,none,62,67,67,65.33333333333333,P,B
Richard Henry,male,group C,associate's degree,free/reduced,none,77,67,64,69.33333333333333,P,B
Richard Kunzler,male,group D,some high school,standard,none,69,66,61,65.33333333333333,P,B
Maria Smith,female,group D,associate's degree,free/reduced,none,43,60,58,53.666666666666664,F,C
Richard Wagner,male,group D,associate's degree,standard,none,90,87,85,87.33333333333333,P,A
Richard Stiles,male,group C,some college,free/reduced,none,74,77,73,74.66666666666667,P,B+
Richard Nason,male,group C,some high school,standard,none,73,66,63,67.33333333333333,P,B
Maria Hilty,female,group D,some college,free/reduced,none,55,71,69,65.0,P,B
Maria Schaming,female,group C,high school,standard,none,65,69,67,67.0,P,B
Richard Soper,male,group D,associate's degree,standard,none,80,63,63,68.66666666666667,P,B
Maria King,female,group C,some high school,free/reduced,completed,50,60,60,56.666666666666664,P,C
Maria Pitts,female,group C,some college,free/reduced,completed,63,73,71,69.0,P,B
Maria Jacobs,female,group B,bachelor's degree,free/reduced,none,77,85,87,83.0,P,A
Richard Jones,male,group C,some college,standard,none,73,74,61,69.33333333333333,P,B
Richard Waite,male,group D,associate's degree,standard,completed,81,72,77,76.66666666666667,P,B+
Maria Brown,female,group C,high school,free/reduced,none,66,76,68,70.0,P,B+
Richard Garner,male,group D,associate's degree,free/reduced,none,52,57,50,53.0,P,C
Maria Graham,female,group C,some college,standard,none,69,78,76,74.33333333333333,P,B+
Maria Williams,female,group C,associate's degree,standard,completed,65,84,84,77.66666666666667,P,B+
Maria Ellis,female,group D,high school,standard,completed,69,77,78,74.66666666666667,P,B+
Maria Washington,female,group B,some college,standard,completed,50,64,66,60.0,P,B
Maria Carman,female,group E,some college,standard,completed,73,78,76,75.66666666666667,P,B+
Maria Shoe,female,group C,some high school,standard,completed,70,82,76,76.0,P,B+
Richard Naone,male,group D,associate's degree,free/reduced,none,81,75,78,78.0,P,B+
Richard Ackerman,male,group D,some college,free/reduced,none,63,61,60,61.333333333333336,P,B
Maria Johnson,female,group D,high school,standard,none,67,72,74,71.0,P,B+
Richard Skinner,male,group B,high school,standard,none,60,68,60,62.666666666666664,P,B
Richard Wise,male,group B,high school,standard,none,62,55,54,57.0,P,C
Maria Gariepy,female,group C,some high school,free/reduced,completed,29,40,44,37.666666666666664,F,F
Richard Schmidt,male,group B,some college,standard,completed,62,66,68,65.33333333333333,P,B
Maria Kelly,female,group E,master's degree,standard,completed,94,99,100,97.66666666666667,P,A+
Richard Newcombe,male,group E,some college,standard,completed,85,75,68,76.0,P,B+
Richard Pfeiffer,male,group D,associate's degree,free/reduced,none,77,78,73,76.0,P,B+
Richard Hawkins,male,group A,high school,free/reduced,none,53,58,44,51.666666666666664,F,C
Richard Pennington,male,group E,some college,free/reduced,none,93,90,83,88.66666666666667,P,A
Maria Barraza,female,group C,associate's degree,standard,none,49,53,53,51.666666666666664,F,C
Maria Barr,female,group E,associate's degree,free/reduced,none,73,76,78,75.66666666666667,P,B+
Maria Beaty,female,group C,bachelor's degree,free/reduced,completed,66,74,81,73.66666666666667,P,B+
Maria English,female,group D,associate's degree,standard,none,77,77,73,75.66666666666667,P,B+
Maria Mahoney,female,group C,some high school,standard,none,49,63,56,56.0,F,C
Maria Snively,female,group D,some college,free/reduced,none,79,89,86,84.66666666666667,P,A
Maria Davis,female,group C,associate's degree,standard,completed,75,82,90,82.33333333333333,P,A
Maria Merrifield,female,group A,bachelor's degree,standard,none,59,72,70,67.0,P,B
Maria Fontenot,female,group D,associate's degree,standard,completed,57,78,79,71.33333333333333,P,B+
Richard Viard,male,group C,high school,free/reduced,none,66,66,59,63.666666666666664,P,B
Maria Vergara,female,group E,bachelor's degree,standard,completed,79,81,82,80.66666666666667,P,A
Maria Lo,female,group B,some high school,standard,none,57,67,72,65.33333333333333,P,B
Richard Dalton,male,group A,bachelor's degree,standard,completed,87,84,87,86.0,P,A
Maria Peoples,female,group D,some college,standard,none,63,64,67,64.66666666666667,P,B
Maria Garcia,female,group B,some high school,free/reduced,completed,59,63,64,62.0,P,B
Richard Cotner,male,group A,bachelor's degree,free/reduced,none,62,72,65,66.33333333333333,P,B
Richard Lorraine,male,group D,high school,standard,none,46,34,36,38.666666666666664,F,F
Richard Robinson,male,group C,some college,standard,none,66,59,52,59.0,P,C
Richard Kinde,male,group D,high school,standard,none,89,87,79,85.0,P,A
Maria Brown,female,group D,associate's degree,free/reduced,completed,42,61,58,53.666666666666664,F,C
Richard Bates,male,group C,some college,standard,completed,93,84,90,89.0,P,A
Maria Mitchell,female,group E,some high school,standard,completed,80,85,85,83.33333333333333,P,A
Maria Williams,female,group D,some college,standard,none,98,100,99,99.0,P,A+
Richard Pena,male,group D,master's degree,standard,none,81,81,84,82.0,P,A
Maria Simmons,female,group B,some high school,standard,completed,60,70,74,68.0,P,B
Maria Saari,female,group B,associate's degree,free/reduced,completed,76,94,87,85.66666666666667,P,A
Richard Decker,male,group C,associate's degree,standard,completed,73,78,72,74.33333333333333,P,B+
Maria Argabright,female,group C,associate's degree,standard,completed,96,96,99,97.0,P,A+
Maria Simpson,female,group C,high school,standard,none,76,76,74,75.33333333333333,P,B+
Richard Ciprian,male,group E,associate's degree,free/reduced,completed,91,73,80,81.33333333333333,P,A
Maria Walker,female,group C,some college,free/reduced,none,62,72,70,68.0,P,B
Richard Simon,male,group D,some high school,free/reduced,completed,55,59,59,57.666666666666664,P,C
Maria Talamo,female,group B,some high school,free/reduced,completed,74,90,88,84.0,P,A
Richard Hamons,male,group C,high school,standard,none,50,48,42,46.666666666666664,F,F
Richard Harris,male,group B,some college,standard,none,47,43,41,43.666666666666664,F,F
Richard Albino,male,group E,some college,standard,completed,81,74,71,75.33333333333333,P,B+
Maria Pena,female,group E,associate's degree,standard,completed,65,75,77,72.33333333333333,P,B+
Richard Carlson,male,group E,some high school,standard,completed,68,51,57,58.666666666666664,P,C
Maria Parks,female,group D,high school,free/reduced,none,73,92,84,83.0,P,A
Richard Bredesen,male,group C,some college,standard,none,53,39,37,43.0,F,F
Maria Daily,female,group B,associate's degree,free/reduced,completed,68,77,80,75.0,P,B+
Richard Bentson,male,group A,some high school,free/reduced,none,55,46,43,48.0,F,F
Maria Washington,female,group C,some college,standard,completed,87,89,94,90.0,P,A+
Richard Hammonds,male,group D,some high school,standard,none,55,47,44,48.666666666666664,F,F
Maria Heidema,female,group E,some college,free/reduced,none,53,58,57,56.0,P,C
Richard Lee,male,group C,master's degree,standard,none,67,57,59,61.0,P,B
Richard Wheeler,male,group C,associate's degree,standard,none,92,79,84,85.0,P,A
Maria Fletcher,female,group B,some college,free/reduced,completed,53,66,73,64.0,P,B
Richard Holiday,male,group D,associate's degree,standard,none,81,71,73,75.0,P,B+
Richard Younger,male,group C,high school,free/reduced,none,61,60,55,58.666666666666664,P,C
Richard Srinivasan,male,group D,bachelor's degree,standard,none,80,73,72,75.0,P,B+
Maria Rudd,female,group A,associate's degree,free/reduced,none,37,57,56,50.0,F,C
Maria Bouchard,female,group C,high school,standard,none,81,84,82,82.33333333333333,P,A
Maria Hall,female,group C,associate's degree,standard,completed,59,73,72,68.0,P,B
Richard Brooks,male,group B,some college,free/reduced,none,55,55,47,52.333333333333336,F,C
Richard Garvin,male,group D,associate's degree,standard,none,72,79,74,75.0,P,B+
Richard Kendall,male,group D,high school,standard,none,69,75,71,71.66666666666667,P,B+
Richard Williams,male,group C,some college,standard,none,69,64,68,67.0,P,B
Maria Wright,female,group C,bachelor's degree,free/reduced,none,50,60,59,56.333333333333336,P,C
Richard Walden,male,group B,some college,standard,completed,87,84,86,85.66666666666667,P,A
Richard Camacho,male,group D,some high school,standard,completed,71,69,68,69.33333333333333,P,B
Richard Aeschliman,male,group E,some college,standard,none,68,72,65,68.33333333333333,P,B
Richard Gordon,male,group C,master's degree,free/reduced,completed,79,77,75,77.0,P,B+
Maria Nelson,female,group C,some high school,standard,completed,77,90,85,84.0,P,A
Richard Tellis,male,group C,associate's degree,free/reduced,none,58,55,53,55.333333333333336,P,C
Maria Gabbard,female,group E,associate's degree,standard,none,84,95,92,90.33333333333333,P,A+
Richard Ortiz,male,group D,some college,standard,none,55,58,52,55.0,P,C
Richard Vigil,male,group E,bachelor's degree,free/reduced,completed,70,68,72,70.0,P,B+
Maria Dempsey,female,group D,some college,free/reduced,completed,52,59,65,58.666666666666664,P,C
Richard Sikora,male,group B,some college,standard,completed,69,77,77,74.33333333333333,P,B+
Maria Alexander,female,group C,high school,free/reduced,none,53,72,64,63.0,P,B
Maria Rogers,female,group D,some high school,standard,none,48,58,54,53.333333333333336,F,C
Richard Peer,male,group D,some high school,standard,completed,78,81,86,81.66666666666667,P,A
Maria Guzman,female,group B,high school,standard,none,62,62,63,62.333333333333336,P,B
Richard Johnston,male,group D,some college,standard,none,60,63,59,60.666666666666664,P,B
Maria Pieper,female,group B,high school,standard,none,74,72,72,72.66666666666667,P,B+
Maria Clarke,female,group C,high school,standard,completed,58,75,77,70.0,P,B+
Richard Conrad,male,group B,high school,standard,completed,76,62,60,66.0,P,B
Maria Dibello,female,group D,some high school,standard,none,68,71,75,71.33333333333333,P,B+
Richard Edwards,male,group A,some college,free/reduced,none,58,60,57,58.333333333333336,P,C
Richard Kaufman,male,group B,high school,standard,none,52,48,49,49.666666666666664,F,F
Richard Rambo,male,group D,bachelor's degree,standard,none,75,73,74,74.0,P,B+
Maria Boland,female,group B,some high school,free/reduced,completed,52,67,72,63.666666666666664,P,B
Maria Galloway,female,group C,bachelor's degree,free/reduced,none,62,78,79,73.0,P,B+
Richard Behr,male,group B,some college,standard,none,66,65,60,63.666666666666664,P,B
Maria Sieck,female,group B,some high school,free/reduced,none,49,58,55,54.0,F,C
Maria Hambright,female,group B,high school,standard,none,66,72,70,69.33333333333333,P,B
Maria Scott,female,group C,some college,free/reduced,none,35,44,43,40.666666666666664,F,F
Maria Garwood,female,group A,some college,standard,completed,72,79,82,77.66666666666667,P,B+
Richard Violet,male,group E,associate's degree,standard,completed,94,85,82,87.0,P,A
Maria Rickel,female,group D,associate's degree,free/reduced,none,46,56,57,53.0,F,C
Maria Connor,female,group B,master's degree,standard,none,77,90,84,83.66666666666667,P,A
Maria Sprague,female,group B,high school,free/reduced,completed,76,85,82,81.0,P,A
Maria Vasquez,female,group C,associate's degree,standard,completed,52,59,62,57.666666666666664,P,C
Richard Hein,male,group C,bachelor's degree,standard,completed,91,81,79,83.66666666666667,P,A
Maria Concepcion,female,group B,some high school,standard,completed,32,51,44,42.333333333333336,F,F
Maria Bourget,female,group E,some high school,free/reduced,none,72,79,77,76.0,P,B+
Maria Brown,female,group B,some college,standard,none,19,38,32,29.666666666666668,F,F
Richard Ryan,male,group C,associate's degree,free/reduced,none,68,65,61,64.66666666666667,P,B
Maria Larson,female,group C,master's degree,free/reduced,none,52,65,61,59.333333333333336,P,C
Maria Livingston,female,group B,high school,standard,none,48,62,60,56.666666666666664,F,C
Maria Shull,female,group D,some college,free/reduced,none,60,66,70,65.33333333333333,P,B
Richard Flippen,male,group D,high school,free/reduced,none,66,74,69,69.66666666666667,P,B
Richard Serrano,male,group E,some high school,standard,completed,89,84,77,83.33333333333333,P,A
Maria Hughes,female,group B,high school,standard,none,42,52,51,48.333333333333336,F,F
Maria Gibney,female,group E,associate's degree,free/reduced,completed,57,68,73,66.0,P,B
Richard Richards,male,group D,high school,standard,none,70,70,70,70.0,P,B+
Maria Miller,female,group E,associate's degree,free/reduced,none,70,84,81,78.33333333333333,P,B+
Richard Smith,male,group E,some college,standard,none,69,60,54,61.0,P,B
Maria Antoine,female,group C,associate's degree,standard,none,52,55,57,54.666666666666664,P,C
Richard Hill,male,group C,some high school,standard,completed,67,73,68,69.33333333333333,P,B
Richard Irwin,male,group C,some high school,standard,completed,76,80,73,76.33333333333333,P,B+
Maria Moore,female,group E,associate's degree,standard,none,87,94,95,92.0,P,A+
Maria Burr,female,group B,some college,standard,none,82,85,87,84.66666666666667,P,A
Maria Jackson,female,group C,some college,standard,none,73,76,78,75.66666666666667,P,B+
Richard Brooks,male,group A,some college,free/reduced,none,75,81,74,76.66666666666667,P,B+
Maria Wallace,female,group D,some college,free/reduced,none,64,74,75,71.0,P,B+
Maria Figueroa,female,group E,high school,free/reduced,none,41,45,40,42.0,F,F
Richard Mahoney,male,group C,high school,standard,none,90,75,69,78.0,P,B+
Richard Clemons,male,group B,bachelor's degree,standard,none,59,54,51,54.666666666666664,P,C
Richard Liggins,male,group A,some high school,standard,none,51,31,36,39.333333333333336,F,F
Richard Mullens,male,group A,high school,free/reduced,none,45,47,49,47.0,F,F
Maria Funderburk,female,group C,master's degree,standard,completed,54,64,67,61.666666666666664,P,B
Richard Donahue,male,group E,some high school,standard,completed,87,84,76,82.33333333333333,P,A
Maria Andrade,female,group C,high school,standard,none,72,80,83,78.33333333333333,P,B+
Richard Roach,male,group B,some high school,standard,completed,94,86,87,89.0,P,A
Maria Gaston,female,group A,bachelor's degree,standard,none,45,59,64,56.0,F,C
Richard Hassell,male,group D,bachelor's degree,free/reduced,completed,61,70,76,69.0,P,B
Maria Frisch,female,group B,high school,free/reduced,none,60,72,68,66.66666666666667,P,B
Maria Sims,female,group C,some high school,standard,none,77,91,88,85.33333333333333,P,A
Maria Gubler,female,group A,some high school,standard,completed,85,90,92,89.0,P,A
Maria Stokes,female,group D,bachelor's degree,free/reduced,none,78,90,93,87.0,P,A
Richard Adams,male,group E,some college,free/reduced,completed,49,52,51,50.666666666666664,F,C
Maria Stinson,female,group B,high school,free/reduced,none,71,87,82,80.0,P,A
Maria Cooper,female,group C,some high school,free/reduced,none,48,58,52,52.666666666666664,F,C
Richard Dunn,male,group C,high school,standard,none,62,67,58,62.333333333333336,P,B
Maria Foley,female,group C,associate's degree,free/reduced,completed,56,68,70,64.66666666666667,P,B
Maria Jauregui,female,group C,some high school,standard,none,65,69,76,70.0,P,B+
Maria Verley,female,group D,some high school,free/reduced,completed,69,86,81,78.66666666666667,P,B+
Richard Cairns,male,group B,some high school,standard,none,68,54,53,58.333333333333336,P,C
Maria Dow,female,group A,some college,free/reduced,none,61,60,57,59.333333333333336,P,C
Maria Lambrakis,female,group C,bachelor's degree,free/reduced,completed,74,86,89,83.0,P,A
Richard Martin,male,group A,bachelor's degree,standard,none,64,60,58,60.666666666666664,P,B
Maria Kelley,female,group B,high school,standard,completed,77,82,89,82.66666666666667,P,A
Richard Brasher,male,group B,some college,standard,none,58,50,45,51.0,F,C
Maria Wargo,female,group C,high school,standard,completed,60,64,74,66.0,P,B
Richard Magic,male,group E,high school,standard,none,73,64,57,64.66666666666667,P,B
Maria Fields,female,group A,high school,standard,completed,75,82,79,78.66666666666667,P,B+
Richard Fields,male,group B,associate's degree,free/reduced,completed,58,57,53,56.0,P,C
Maria Massie,female,group C,associate's degree,standard,none,66,77,73,72.0,P,B+
Maria Mcfadden,female,group D,high school,free/reduced,none,39,52,46,45.666666666666664,F,F
Richard Manns,male,group C,some high school,standard,none,64,58,51,57.666666666666664,P,C
Maria Lindelof,female,group B,high school,free/reduced,completed,23,44,36,34.333333333333336,F,F
Richard Sullivan,male,group B,some college,free/reduced,completed,74,77,76,75.66666666666667,P,B+
Maria Tollison,female,group D,some high school,free/reduced,completed,40,65,64,56.333333333333336,F,C
Richard Hansford,male,group E,master's degree,standard,none,90,85,84,86.33333333333333,P,A
Richard Vitiello,male,group C,master's degree,standard,completed,91,85,85,87.0,P,A
Richard Krantz,male,group D,high school,standard,none,64,54,50,56.0,P,C
Maria Green,female,group C,high school,standard,none,59,72,68,66.33333333333333,P,B
Richard Hawthorne,male,group D,associate's degree,standard,none,80,75,69,74.66666666666667,P,B+
Richard Land,male,group C,master's degree,standard,none,71,67,67,68.33333333333333,P,B
Maria Ortiz,female,group A,high school,standard,none,61,68,63,64.0,P,B
Maria Rodgers,female,group E,some college,standard,none,87,85,93,88.33333333333333,P,A
Richard Harden,male,group E,some high school,standard,none,82,67,61,70.0,P,B+
Richard Sewell,male,group C,some high school,standard,none,62,64,55,60.333333333333336,P,B
Maria Degirolamo,female,group B,bachelor's degree,standard,none,97,97,96,96.66666666666667,P,A+
Richard Lin,male,group B,some college,free/reduced,none,75,68,65,69.33333333333333,P,B
Maria Smith,female,group C,bachelor's degree,standard,none,65,79,81,75.0,P,B+
Richard Mcquaig,male,group B,high school,standard,completed,52,49,46,49.0,F,F
Richard Gordon,male,group C,associate's degree,free/reduced,none,87,73,72,77.33333333333333,P,B+
Maria Manheim,female,group C,associate's degree,standard,none,53,62,53,56.0,P,C
Maria Marine,female,group E,master's degree,free/reduced,none,81,86,87,84.66666666666667,P,A
Richard Pokora,male,group D,bachelor's degree,free/reduced,completed,39,42,38,39.666666666666664,F,F
Maria Cline,female,group C,some college,standard,completed,71,71,80,74.0,P,B+
Richard Fink,male,group C,associate's degree,standard,none,97,93,91,93.66666666666667,P,A+
Richard Byington,male,group D,some college,standard,completed,82,82,88,84.0,P,A
Richard Horr,male,group C,high school,free/reduced,none,59,53,52,54.666666666666664,P,C
Richard Tyson,male,group B,associate's degree,standard,none,61,42,41,48.0,F,F
Richard Sinstack,male,group E,associate's degree,free/reduced,completed,78,74,72,74.66666666666667,P,B+
Richard Pistilli,male,group C,associate's degree,free/reduced,none,49,51,51,50.333333333333336,F,C
Richard Thomas,male,group B,high school,standard,none,59,58,47,54.666666666666664,F,C
Maria Shaver,female,group C,some college,standard,completed,70,72,76,72.66666666666667,P,B+
Richard Clewell,male,group B,associate's degree,standard,completed,82,84,78,81.33333333333333,P,A
Richard Rice,male,group E,associate's degree,free/reduced,none,90,90,82,87.33333333333333,P,A
Maria Malone,female,group C,bachelor's degree,free/reduced,none,43,62,61,55.333333333333336,F,C
Richard Anthony,male,group C,some college,free/reduced,none,80,64,66,70.0,P,B+
Richard Blaze,male,group D,some college,standard,none,81,82,84,82.33333333333333,P,A
Richard Weber,male,group C,some high school,standard,none,57,61,54,57.333333333333336,P,C
Maria Springer,female,group D,some high school,standard,none,59,72,80,70.33333333333333,P,B+
Maria Raper,female,group D,associate's degree,standard,none,64,76,74,71.33333333333333,P,B+
Richard Bucknell,male,group C,bachelor's degree,standard,completed,63,64,66,64.33333333333333,P,B
Maria Talkington,female,group E,bachelor's degree,standard,completed,71,70,70,70.33333333333333,P,B+
Maria Gardner,female,group B,high school,free/reduced,none,64,73,71,69.33333333333333,P,B
Richard Ward,male,group D,bachelor's degree,free/reduced,none,55,46,44,48.333333333333336,F,F
Maria Chiesa,female,group E,associate's degree,standard,none,51,51,54,52.0,P,C
Maria Hall,female,group C,associate's degree,standard,completed,62,76,80,72.66666666666667,P,B+
Maria Avila,female,group E,associate's degree,standard,completed,93,100,95,96.0,P,A+
Richard Sanders,male,group C,high school,free/reduced,none,54,72,59,61.666666666666664,P,B
Maria Rock,female,group D,some college,free/reduced,none,69,65,74,69.33333333333333,P,B
Richard Nemeth,male,group D,high school,free/reduced,none,44,51,48,47.666666666666664,F,F
Maria Valentin,female,group E,some college,standard,completed,86,85,91,87.33333333333333,P,A
Maria Dailey,female,group E,associate's degree,standard,none,85,92,85,87.33333333333333,P,A
Maria Melendez,female,group A,master's degree,free/reduced,none,50,67,73,63.333333333333336,P,B
Richard Caras,male,group D,some high school,standard,completed,88,74,75,79.0,P,B+
Maria Strode,female,group E,associate's degree,standard,none,59,62,69,63.333333333333336,P,B
Maria Hawks,female,group E,some high school,free/reduced,none,32,34,38,34.666666666666664,F,F
Richard Grogan,male,group B,high school,free/reduced,none,36,29,27,30.666666666666668,F,F
Maria Ortiz,female,group B,some high school,free/reduced,completed,63,78,79,73.33333333333333,P,B+
Richard Martin,male,group D,associate's degree,standard,completed,67,54,63,61.333333333333336,P,B
Maria Stewart,female,group D,some high school,standard,completed,65,78,82,75.0,P,B+
Richard Carrion,male,group D,master's degree,standard,none,85,84,89,86.0,P,A
Maria Thomas,female,group C,master's degree,standard,none,73,78,74,75.0,P,B+
Maria Jacklin,female,group A,high school,free/reduced,completed,34,48,41,41.0,F,F
Maria Moore,female,group D,bachelor's degree,free/reduced,completed,93,100,100,97.66666666666667,P,A+
Maria Akers,female,group D,some high school,free/reduced,none,67,84,84,78.33333333333333,P,B+
Richard Bowdry,male,group D,some college,standard,none,88,77,77,80.66666666666667,P,A
Richard Huppert,male,group B,high school,standard,none,57,48,51,52.0,F,C
Maria Reynolds,female,group D,some college,standard,completed,79,84,91,84.66666666666667,P,A
Maria Oliver,female,group C,bachelor's degree,free/reduced,none,67,75,72,71.33333333333333,P,B+
Richard Rinehart,male,group E,bachelor's degree,standard,completed,70,64,70,68.0,P,B
Richard Stoneback,male,group D,bachelor's degree,free/reduced,none,50,42,48,46.666666666666664,F,F
Maria Case,female,group A,some college,standard,none,69,84,82,78.33333333333333,P,B+
Maria Cooper,female,group C,bachelor's degree,standard,completed,52,61,66,59.666666666666664,P,C
Maria Strange,female,group C,bachelor's degree,free/reduced,completed,47,62,66,58.333333333333336,F,C
Maria Hightower,female,group B,associate's degree,free/reduced,none,46,61,55,54.0,F,C
Maria Wynn,female,group E,some college,standard,none,68,70,66,68.0,P,B
Richard Huntley,male,group E,bachelor's degree,standard,completed,100,100,100,100.0,P,A+
Maria Mcgee,female,group C,high school,standard,none,44,61,52,52.333333333333336,F,C
Maria Wander,female,group C,associate's degree,standard,completed,57,77,80,71.33333333333333,P,B+
Richard Brown,male,group B,some college,standard,completed,91,96,91,92.66666666666667,P,A+
Richard Mendez,male,group D,high school,free/reduced,none,69,70,67,68.66666666666667,P,B
Maria Shatley,female,group C,high school,free/reduced,none,35,53,46,44.666666666666664,F,F
Richard Palmer,male,group D,high school,standard,none,72,66,66,68.0,P,B
Maria Ross,female,group B,associate's degree,free/reduced,none,54,65,65,61.333333333333336,P,B
Richard Inouye,male,group D,high school,free/reduced,none,74,70,69,71.0,P,B+
Richard Medina,male,group E,some high school,standard,completed,74,64,60,66.0,P,B
Richard Russell,male,group E,associate's degree,free/reduced,none,64,56,52,57.333333333333336,P,C
Maria Puffinberger,female,group D,high school,free/reduced,completed,65,61,71,65.66666666666667,P,B
Richard Rosales,male,group E,associate's degree,free/reduced,completed,46,43,44,44.333333333333336,F,F
Maria Turner,female,group C,some high school,free/reduced,none,48,56,51,51.666666666666664,F,C
Richard Koehn,male,group C,some college,free/reduced,completed,67,74,70,70.33333333333333,P,B+
Richard Russell,male,group D,some college,free/reduced,none,62,57,62,60.333333333333336,P,B
Richard Florence,male,group D,associate's degree,free/reduced,completed,61,71,73,68.33333333333333,P,B
Richard Gibson,male,group C,bachelor's degree,free/reduced,completed,70,75,74,73.0,P,B+
Richard Benham,male,group C,associate's degree,standard,completed,98,87,90,91.66666666666667,P,A+
Richard Price,male,group D,some college,free/reduced,none,70,63,58,63.666666666666664,P,B
Richard Biros,male,group A,associate's degree,standard,none,67,57,53,59.0,P,C
Maria Kinnison,female,group E,high school,free/reduced,none,57,58,57,57.333333333333336,P,C
Richard Tedeschi,male,group D,some college,standard,completed,85,81,85,83.66666666666667,P,A
Richard Sabo,male,group D,some high school,standard,completed,77,68,69,71.33333333333333,P,B+
Richard Dubberly,male,group C,master's degree,free/reduced,completed,72,66,72,70.0,P,B+
Maria Gabriel,female,group D,master's degree,standard,none,78,91,96,88.33333333333333,P,A
Richard Arias,male,group C,high school,standard,none,81,66,64,70.33333333333333,P,B+
Richard Piotrowski,male,group A,some high school,free/reduced,completed,61,62,61,61.333333333333336,P,B
Maria Human,female,group B,high school,standard,none,58,68,61,62.333333333333336,P,B
Maria Fuller,female,group C,associate's degree,standard,none,54,61,58,57.666666666666664,P,C
Richard Steese,male,group B,high school,standard,none,82,82,80,81.33333333333333,P,A
Maria Batista,female,group D,some college,free/reduced,none,49,58,60,55.666666666666664,F,C
Richard Kinnan,male,group B,some high school,free/reduced,completed,49,50,52,50.333333333333336,F,C
Maria Lord,female,group E,high school,free/reduced,completed,57,75,73,68.33333333333333,P,B
Richard Lyons,male,group E,high school,standard,none,94,73,71,79.33333333333333,P,B+
Maria Anderson,female,group D,some college,standard,completed,75,77,83,78.33333333333333,P,B+
Maria Spooner,female,group E,some high school,free/reduced,none,74,74,72,73.33333333333333,P,B+
Richard Wicks,male,group C,high school,standard,completed,58,52,54,54.666666666666664,P,C
Maria Pederson,female,group C,some college,standard,none,62,69,69,66.66666666666667,P,B
Richard Clark,male,group E,associate's degree,standard,none,72,57,62,63.666666666666664,P,B
Richard Liptak,male,group C,some college,standard,none,84,87,81,84.0,P,A
Maria Olson,female,group D,master's degree,standard,none,92,100,100,97.33333333333333,P,A+
Maria Diaz,female,group D,high school,standard,none,45,63,59,55.666666666666664,F,C
Richard Keller,male,group C,high school,standard,none,75,81,71,75.66666666666667,P,B+
Maria Dean,female,group A,some college,standard,none,56,58,64,59.333333333333336,P,C
Maria Petersen,female,group D,some high school,free/reduced,none,48,54,53,51.666666666666664,F,C
Maria Soto,female,group E,associate's degree,standard,none,100,100,100,100.0,P,A+
Maria Pennachio,female,group C,some high school,free/reduced,completed,65,76,75,72.0,P,B+
Richard Claytor,male,group D,some college,standard,none,72,57,58,62.333333333333336,P,B
Maria Jones,female,group D,some college,standard,none,62,70,72,68.0,P,B
Richard Palomaki,male,group A,some high school,standard,completed,66,68,64,66.0,P,B
Richard Hunn,male,group C,some college,standard,none,63,63,60,62.0,P,B
Maria Garza,female,group E,associate's degree,standard,none,68,76,67,70.33333333333333,P,B+
Maria Ali,female,group B,bachelor's degree,standard,none,75,84,80,79.66666666666667,P,B+
Maria Williams,female,group D,bachelor's degree,standard,none,89,100,100,96.33333333333333,P,A+
Richard Edwards,male,group C,some high school,standard,completed,78,72,69,73.0,P,B+
Maria Lane,female,group A,high school,free/reduced,completed,53,50,60,54.333333333333336,P,C
Maria Carter,female,group D,some college,free/reduced,none,49,65,61,58.333333333333336,F,C
Maria Mejia,female,group A,some college,standard,none,54,63,67,61.333333333333336,P,B
Maria George,female,group C,some college,standard,completed,64,82,77,74.33333333333333,P,B+
Richard Matthews,male,group B,some college,free/reduced,completed,60,62,60,60.666666666666664,P,B
Richard Whitehead,male,group C,associate's degree,standard,none,62,65,58,61.666666666666664,P,B
Richard Bryan,male,group D,high school,standard,completed,55,41,48,48.0,F,F
Maria Oreilly,female,group C,associate's degree,standard,none,91,95,94,93.33333333333333,P,A+
Maria Bouchard,female,group B,high school,free/reduced,none,8,24,23,18.333333333333332,F,F
Richard Lobato,male,group D,some high school,standard,none,81,78,78,79.0,P,B+
Richard Wilson,male,group B,some high school,standard,completed,79,85,86,83.33333333333333,P,A
Maria Potter,female,group A,some college,standard,completed,78,87,91,85.33333333333333,P,A
Maria Alejandro,female,group C,some high school,standard,none,74,75,82,77.0,P,B+
Richard Gross,male,group A,high school,standard,none,57,51,54,54.0,P,C
Maria Pentz,female,group C,associate's degree,standard,none,40,59,51,50.0,F,C
Richard Jones,male,group E,some high school,standard,completed,81,75,76,77.33333333333333,P,B+
Maria Ferrera,female,group A,some high school,free/reduced,none,44,45,45,44.666666666666664,F,F
Maria Netto,female,group D,some college,free/reduced,completed,67,86,83,78.66666666666667,P,B+
Richard Kulas,male,group E,high school,free/reduced,completed,86,81,75,80.66666666666667,P,A
Maria White,female,group B,some high school,standard,completed,65,82,78,75.0,P,B+
Maria Martinez,female,group D,associate's degree,free/reduced,none,55,76,76,69.0,P,B
Maria Greathouse,female,group D,bachelor's degree,free/reduced,none,62,72,74,69.33333333333333,P,B
Richard Quinn,male,group A,high school,standard,none,63,63,62,62.666666666666664,P,B
Maria Wilson,female,group E,master's degree,standard,completed,88,99,95,94.0,P,A+
Richard Lawson,male,group C,high school,free/reduced,none,62,55,55,57.333333333333336,P,C
Maria Newman,female,group C,high school,free/reduced,completed,59,71,65,65.0,P,B
Maria Wilson,female,group D,some college,standard,completed,68,78,77,74.33333333333333,P,B+
Maria Griffin,female,group D,some college,free/reduced,none,77,86,86,83.0,P,A
